customID,Dist.,2P,0_3,3_10,10_16,16_3P,3P,Dunks,corner3_att
Precious AchiuwaTOR,10.2,0.741,0.348,0.274,0.085,0.035,0.259,67,0.429
Steven AdamsMEM,2.9,0.997,0.693,0.26,0.042,0.003,0.003,48,0
Bam AdebayoMIA,7,0.992,0.395,0.309,0.2,0.088,0.008,119,0
Santi AldamaMEM,12,0.636,0.333,0.205,0.091,0.008,0.364,10,0.229
LaMarcus AldridgeBRK,12.3,0.9,0.21,0.17,0.24,0.279,0.1,18,0.283
Nickeil Alexander-WalkerTOT,15.8,0.503,0.213,0.162,0.071,0.057,0.497,8,0.24
Nickeil Alexander-WalkerNOP,15.6,0.517,0.217,0.166,0.074,0.06,0.483,8,0.23
Nickeil Alexander-WalkerUTA,18.4,0.313,0.167,0.104,0.021,0.021,0.688,0,0.333
Grayson AllenMIL,19.2,0.316,0.158,0.097,0.047,0.014,0.684,10,0.26
Jarrett AllenCLE,3.8,0.982,0.624,0.294,0.046,0.018,0.018,164,0.6
Jose AlvaradoNOP,13.6,0.626,0.235,0.248,0.099,0.044,0.374,0,0.227
Justin AndersonTOT,18.9,0.379,0.147,0.095,0.042,0.095,0.621,1,0.339
Justin AndersonCLE,22,0.25,0.125,0,0,0.125,0.75,0,0.333
Justin AndersonIND,18.6,0.391,0.149,0.103,0.046,0.092,0.609,1,0.34
Kyle AndersonMEM,10.7,0.768,0.279,0.303,0.141,0.045,0.232,19,0.422
Giannis AntetokounmpoMIL,10,0.806,0.406,0.198,0.12,0.082,0.194,179,0.025
Thanasis AntetokounmpoMIL,5.3,0.891,0.672,0.172,0.039,0.008,0.109,25,0.429
Carmelo AnthonyLAL,19.1,0.451,0.101,0.066,0.152,0.131,0.549,11,0.171
Cole AnthonyORL,16.2,0.571,0.147,0.214,0.095,0.115,0.429,14,0.087
OG AnunobyTOR,15.1,0.545,0.263,0.125,0.08,0.077,0.455,62,0.293
Ryan ArcidiaconoNYK,21.5,0.25,0,0.083,0.167,0,0.75,0,0.222
Trevor ArizaLAL,19.3,0.253,0.162,0.081,0.01,0,0.747,1,0.365
D.J. AugustinTOT,20.3,0.261,0.131,0.086,0.018,0.027,0.739,0,0.238
D.J. AugustinHOU,19.8,0.294,0.162,0.074,0.022,0.037,0.706,0,0.156
D.J. AugustinLAL,21.1,0.209,0.081,0.105,0.012,0.012,0.791,0,0.353
Deni AvdijaWAS,14.4,0.553,0.221,0.261,0.04,0.031,0.447,7,0.247
Joel AyayiWAS,12.6,0.833,0.167,0.333,0.167,0.167,0.167,0,0
Deandre AytonPHO,7,0.973,0.333,0.397,0.184,0.059,0.027,95,0
Udoka AzubuikeUTA,2.8,1,0.694,0.286,0.02,0,0,26,
Marvin Bagley IIITOT,9.2,0.783,0.327,0.363,0.081,0.011,0.217,52,0.485
Marvin Bagley IIISAC,10,0.748,0.289,0.35,0.098,0.012,0.252,18,0.613
Marvin Bagley IIIDET,8.1,0.825,0.375,0.38,0.06,0.01,0.175,34,0.257
LaMelo BallCHO,15.9,0.549,0.204,0.176,0.104,0.065,0.451,24,0.152
Lonzo BallCHI,19.9,0.321,0.154,0.047,0.057,0.063,0.679,6,0.235
Mo BambaORL,14.3,0.545,0.285,0.157,0.045,0.057,0.455,85,0.27
Desmond BaneMEM,16.8,0.525,0.153,0.156,0.116,0.099,0.475,6,0.184
Dalano BantonTOR,11,0.748,0.332,0.233,0.119,0.064,0.252,6,0.235
Cat BarberATL,9.6,1,0.5,0,0,0.5,0,0,
Harrison BarnesSAC,13.5,0.568,0.237,0.283,0.041,0.007,0.432,25,0.308
Scottie BarnesTOR,10.9,0.793,0.264,0.325,0.116,0.088,0.207,62,0.28
RJ BarrettNYK,12,0.662,0.309,0.243,0.068,0.042,0.338,40,0.248
Will BartonDEN,16,0.52,0.186,0.18,0.067,0.087,0.48,23,0.216
Paris BassPHO,11.7,0.667,0.333,0.333,0,0,0.333,1,0
Charles BasseyPHI,5.6,0.915,0.574,0.213,0.106,0.021,0.085,13,0.25
Keita Bates-DiopSAS,8.4,0.791,0.502,0.198,0.046,0.046,0.209,19,0.455
Nicolas BatumLAC,20.2,0.302,0.121,0.044,0.057,0.08,0.698,14,0.315
Kent BazemoreLAL,18.1,0.424,0.173,0.094,0.058,0.101,0.576,1,0.525
Darius BazleyOKC,12.7,0.586,0.307,0.251,0.011,0.017,0.414,77,0.245
Bradley BealWAS,13.1,0.728,0.197,0.252,0.171,0.108,0.272,13,0.238
Malik BeasleyMIN,20.8,0.251,0.088,0.066,0.052,0.045,0.749,16,0.317
Jordan BellCHI,,,,,,,,0,
DeAndre' BembryTOT,6.2,0.837,0.584,0.249,0,0.005,0.163,20,0.611
DeAndre' BembryBRK,6.2,0.831,0.573,0.258,0,0,0.169,20,0.611
DeAndre' BembryMIL,4.4,1,0.875,0,0,0.125,0,0,
D?vis Bert?nsTOT,23,0.164,0.065,0.069,0.015,0.015,0.836,9,0.222
D?vis Bert?nsWAS,23.6,0.158,0.053,0.064,0.023,0.018,0.842,5,0.194
D?vis Bert?nsDAL,22.1,0.173,0.087,0.077,0,0.01,0.827,4,0.267
Patrick BeverleyMIN,16.6,0.445,0.17,0.206,0.05,0.018,0.555,0,0.227
Saddiq BeyDET,17.4,0.463,0.166,0.157,0.072,0.068,0.537,23,0.252
Khem BirchTOR,6.4,0.93,0.405,0.36,0.16,0.005,0.07,24,0.857
Goga BitadzeIND,10.4,0.683,0.468,0.175,0.032,0.008,0.317,26,0.063
Bismack BiyomboPHO,4.3,1,0.517,0.393,0.083,0.007,0,34,
Nemanja BjelicaGSW,14.1,0.564,0.26,0.26,0.023,0.02,0.436,9,0.128
Eric BledsoeLAC,14.2,0.652,0.231,0.194,0.107,0.12,0.348,1,0.129
Keljin BlevinsPOR,18.4,0.351,0.207,0.063,0.027,0.054,0.649,1,0.319
Bogdan Bogdanovi?ATL,18.6,0.422,0.113,0.115,0.108,0.086,0.578,3,0.231
Bojan Bogdanovi?UTA,15.6,0.496,0.147,0.25,0.084,0.015,0.504,11,0.376
Bol BolDEN,10.6,0.852,0.296,0.185,0.296,0.074,0.148,5,0.25
Leandro BolmaroMIN,13.7,0.667,0.352,0.111,0.074,0.13,0.333,2,0.222
Isaac BongaTOR,11,0.692,0.385,0.231,0,0.077,0.308,0,1
Devin BookerPHO,16.1,0.664,0.11,0.158,0.224,0.171,0.336,21,0.123
Brandon Boston Jr.LAC,14.7,0.658,0.258,0.126,0.123,0.151,0.342,15,0.207
Chris BoucherTOR,12.1,0.603,0.43,0.113,0.026,0.035,0.397,67,0.275
James BouknightCHO,12,0.652,0.333,0.241,0.043,0.035,0.348,4,0.224
Avery BradleyLAL,18.1,0.4,0.137,0.091,0.083,0.089,0.6,1,0.538
Tony BradleyCHI,3.9,1,0.626,0.252,0.065,0.057,0,13,
Ignas BrazdeikisORL,14,0.537,0.293,0.202,0.027,0.016,0.463,0,0.333
Mikal BridgesPHO,13.3,0.636,0.227,0.205,0.159,0.045,0.364,54,0.561
Miles BridgesCHO,12.4,0.617,0.357,0.212,0.02,0.029,0.383,118,0.275
Oshae BrissettIND,13.9,0.532,0.326,0.152,0.024,0.03,0.468,32,0.329
Malcolm BrogdonIND,13.2,0.657,0.285,0.192,0.103,0.077,0.343,4,0.167
Armoni BrooksTOT,23.4,0.138,0.083,0.035,0.01,0.01,0.862,3,0.137
Armoni BrooksHOU,23.2,0.151,0.092,0.036,0.012,0.012,0.849,3,0.131
Armoni BrooksTOR,24.7,0.053,0.026,0.026,0,0,0.947,0,0.167
Dillon BrooksMEM,13.3,0.717,0.196,0.249,0.186,0.086,0.283,12,0.161
Bruce BrownBRK,8.4,0.814,0.393,0.302,0.103,0.016,0.186,34,0.649
Charlie Brown Jr.TOT,11,0.692,0.385,0.205,0.077,0.026,0.308,2,0.167
Charlie Brown Jr.DAL,17.2,0.4,0.2,0,0.2,0,0.6,1,0.333
Charlie Brown Jr.PHI,10,0.735,0.412,0.235,0.059,0.029,0.265,1,0.111
Chaundee Brown Jr.TOT,17.9,0.438,0.188,0.094,0.156,0,0.563,0,0.222
Chaundee Brown Jr.LAL,13.2,0.571,0.286,0.143,0.143,0,0.429,0,0.333
Chaundee Brown Jr.ATL,19.2,0.4,0.16,0.08,0.16,0,0.6,0,0.2
Greg Brown IIIPOR,10.7,0.679,0.447,0.158,0.016,0.058,0.321,41,0.377
Jaylen BrownBOS,14.5,0.619,0.2,0.234,0.094,0.091,0.381,31,0.185
Moses BrownTOT,2.5,1,0.75,0.231,0.009,0.009,0,40,
Moses BrownDAL,2.3,1,0.78,0.2,0.02,0,0,19,
Moses BrownCLE,2.6,1,0.724,0.259,0,0.017,0,21,
Sterling BrownDAL,17.1,0.406,0.206,0.116,0.039,0.045,0.594,0,0.5
Troy Brown Jr.CHI,15,0.484,0.283,0.132,0.027,0.043,0.516,5,0.594
Jalen BrunsonDAL,13.1,0.75,0.147,0.288,0.189,0.126,0.25,5,0.298
Thomas BryantWAS,11.5,0.716,0.385,0.169,0.034,0.128,0.284,30,0.167
Shaq BuchananMEM,13.6,0.5,0.5,0,0,0,0.5,0,0
Reggie BullockDAL,20.9,0.218,0.096,0.048,0.032,0.042,0.782,2,0.446
Trey BurkeDAL,17,0.619,0.098,0.163,0.126,0.233,0.381,0,0.146
Alec BurksNYK,17.4,0.466,0.124,0.165,0.111,0.066,0.534,3,0.226
Jared ButlerUTA,18.4,0.417,0.066,0.232,0.066,0.053,0.583,0,0.114
Jimmy ButlerMIA,9.6,0.86,0.306,0.291,0.195,0.068,0.14,38,0.466
Devontae CacokSAS,4.6,1,0.387,0.484,0.129,0,0,3,
Kentavious Caldwell-PopeWAS,18.1,0.508,0.105,0.117,0.112,0.175,0.492,6,0.346
Facundo CampazzoDEN,19.4,0.348,0.149,0.142,0.041,0.017,0.652,0,0.197
Vlatko ?an?arDEN,10.6,0.707,0.39,0.195,0.098,0.024,0.293,2,0.417
Devin CannadyORL,22.5,0.159,0.045,0.045,0.045,0.023,0.841,0,0.297
Clint CapelaATL,2.2,0.998,0.765,0.225,0.007,0.002,0.002,164,0
Vernon Carey Jr.TOT,8.2,1,0.615,0,0.077,0.308,0,0,
Vernon Carey Jr.CHO,7.6,1,0.667,0,0,0.333,0,0,
Vernon Carey Jr.WAS,8.6,1,0.571,0,0.143,0.286,0,0,
Jevon CarterTOT,21.2,0.328,0.055,0.043,0.067,0.162,0.672,1,0.324
Jevon CarterBRK,22.2,0.27,0.04,0.023,0.057,0.149,0.73,1,0.276
Jevon CarterMIL,18.9,0.456,0.089,0.089,0.089,0.19,0.544,0,0.465
Wendell Carter Jr.ORL,12.1,0.687,0.327,0.202,0.101,0.057,0.313,90,0.103
Alex CarusoCHI,15.4,0.508,0.258,0.145,0.043,0.063,0.492,4,0.373
Willie Cauley-SteinTOT,5.3,0.943,0.629,0.2,0.057,0.057,0.057,7,0
Willie Cauley-SteinDAL,5.3,0.943,0.629,0.2,0.057,0.057,0.057,7,0
Willie Cauley-SteinPHI,,,,,,,,0,
Ahmad CaverIND,1.8,1,1,0,0,0,0,0,
Justin ChampagnieTOR,11.7,0.582,0.358,0.209,0.015,0,0.418,3,0.536
Zylan CheathamUTA,17.2,0.333,0.333,0,0,0,0.667,0,0.5
Chris ChiozzaGSW,19.4,0.346,0.111,0.136,0.049,0.049,0.654,0,0.245
Marquese ChrissDAL,7.8,0.813,0.53,0.254,0.015,0.015,0.187,27,0.2
Josh ChristopherHOU,13.3,0.622,0.3,0.188,0.114,0.02,0.378,35,0.217
Gary ClarkNOP,20.1,0.205,0.091,0.102,0.011,0,0.795,0,0.571
Brandon ClarkeMEM,5.4,0.951,0.508,0.311,0.116,0.016,0.049,77,0.682
Jordan ClarksonUTA,16.9,0.464,0.099,0.272,0.075,0.018,0.536,8,0.193
Nic ClaxtonBRK,2.5,1,0.697,0.284,0.019,0,0,88,
Amir CoffeyLAC,16.8,0.455,0.165,0.167,0.077,0.045,0.545,14,0.291
John CollinsATL,11,0.727,0.334,0.211,0.127,0.054,0.273,85,0.318
Zach CollinsSAS,11,0.735,0.29,0.316,0.065,0.065,0.265,6,0.049
Darren CollisonLAL,16.1,0.571,0.286,0,0,0.286,0.429,0,1
Mike ConleyUTA,17.1,0.477,0.075,0.268,0.109,0.025,0.523,0,0.167
Pat ConnaughtonMIL,20.2,0.254,0.161,0.065,0.022,0.006,0.746,8,0.295
Tyler CookCHI,2.2,1,0.684,0.316,0,0,0,14,
Sharife CooperATL,11.6,0.571,0.5,0.071,0,0,0.429,0,0.333
Petr CornelieDEN,15.9,0.467,0.333,0.067,0,0.067,0.533,2,0.375
DeMarcus CousinsTOT,12.1,0.623,0.361,0.225,0.015,0.022,0.377,20,0.049
DeMarcus CousinsMIL,12.2,0.593,0.39,0.186,0.008,0.008,0.407,8,0.125
DeMarcus CousinsDEN,12,0.641,0.345,0.248,0.019,0.029,0.359,12,0
Robert CovingtonTOT,18.8,0.319,0.171,0.108,0.022,0.018,0.681,12,0.198
Robert CovingtonPOR,18.9,0.315,0.164,0.11,0.021,0.021,0.685,6,0.191
Robert CovingtonLAC,18.7,0.327,0.185,0.105,0.025,0.012,0.673,6,0.211
Torrey CraigTOT,16,0.469,0.231,0.141,0.057,0.041,0.531,18,0.41
Torrey CraigIND,15.2,0.509,0.26,0.135,0.057,0.057,0.491,10,0.442
Torrey CraigPHO,17.2,0.4,0.181,0.15,0.056,0.013,0.6,8,0.365
Jae CrowderPHO,20.8,0.329,0.059,0.094,0.079,0.097,0.671,2,0.214
Jarrett CulverMEM,13.5,0.652,0.259,0.193,0.081,0.119,0.348,4,0.191
Jarron CumberlandPOR,15.8,0.5,0.5,0,0,0,0.5,0,0
Cade CunninghamDET,13.8,0.648,0.214,0.249,0.113,0.072,0.352,19,0.143
Seth CurryTOT,19.4,0.494,0.053,0.1,0.133,0.208,0.506,0,0.182
Seth CurryPHI,19.1,0.527,0.055,0.11,0.138,0.223,0.473,0,0.152
Seth CurryBRK,20.2,0.412,0.047,0.076,0.118,0.171,0.588,0,0.242
Stephen CurryGSW,19.8,0.387,0.12,0.134,0.062,0.071,0.613,0,0.091
Anthony DavisLAL,9.6,0.899,0.376,0.193,0.15,0.181,0.101,111,0.1
Ed DavisCLE,2.3,1,0.75,0.25,0,0,0,2,
Terence DavisSAC,16.3,0.442,0.221,0.157,0.034,0.03,0.558,7,0.208
Gabriel DeckOKC,11.9,0.714,0.357,0.071,0.214,0.071,0.286,0,0.5
Dewayne DedmonMIA,8.2,0.838,0.441,0.286,0.069,0.041,0.162,30,0.106
Sam DekkerTOR,,,,,,,,0,
Javin DeLaurierMIL,,,,,,,,0,
DeMar DeRozanCHI,13,0.907,0.164,0.158,0.297,0.288,0.093,33,0.387
Mamadi DiakiteOKC,6.8,0.894,0.426,0.34,0.106,0.021,0.106,10,0.4
Cheick DialloDET,3.1,1,0.375,0.625,0,0,0,1,
Hamidou DialloDET,9.5,0.823,0.333,0.3,0.122,0.068,0.177,51,0.505
Gorgui DiengATL,19.2,0.393,0.134,0.071,0.089,0.098,0.607,2,0.074
Spencer DinwiddieTOT,15.6,0.551,0.176,0.237,0.088,0.05,0.449,3,0.182
Spencer DinwiddieWAS,16.2,0.541,0.152,0.236,0.091,0.061,0.459,1,0.142
Spencer DinwiddieDAL,14.2,0.572,0.222,0.239,0.082,0.029,0.428,2,0.269
Donte DiVincenzoTOT,18.6,0.351,0.155,0.137,0.027,0.033,0.649,2,0.216
Donte DiVincenzoMIL,17.9,0.373,0.212,0.11,0.017,0.034,0.627,2,0.284
Donte DiVincenzoSAC,19,0.339,0.124,0.151,0.032,0.032,0.661,0,0.181
Luka Don?i?DAL,15.9,0.594,0.128,0.239,0.165,0.062,0.406,7,0.049
Luguentz DortOKC,16.4,0.461,0.197,0.204,0.029,0.032,0.539,24,0.143
Ayo DosunmuCHI,12.3,0.652,0.368,0.114,0.097,0.073,0.348,20,0.489
Damyean DotsonNYK,11.3,0.75,0.25,0.25,0.25,0,0.25,0,1
Devon DotsonCHI,12.2,0.609,0.478,0,0.13,0,0.391,0,0.333
Sekou DoumbouyaLAL,8.9,0.75,0.5,0.25,0,0,0.25,0,0
Jeff DowtinTOT,14.8,0.654,0.115,0.231,0.192,0.115,0.346,0,0.556
Jeff DowtinGSW,13.8,0.833,0,0.333,0.167,0.333,0.167,0,1
Jeff DowtinMIL,23.4,0,0,0,0,0,1,0,1
Jeff DowtinORL,14.6,0.632,0.158,0.211,0.211,0.053,0.368,0,0.429
PJ DozierDEN,17.2,0.515,0.141,0.141,0.081,0.152,0.485,4,0.271
Goran Dragi?TOT,15.2,0.583,0.192,0.172,0.166,0.053,0.417,1,0.19
Goran Dragi?TOR,15.3,0.588,0.206,0.147,0.235,0,0.412,1,0.214
Goran Dragi?BRK,15.2,0.581,0.188,0.179,0.145,0.068,0.419,0,0.184
Andre DrummondTOT,2.8,0.993,0.707,0.261,0.021,0.005,0.007,93,0
Andre DrummondPHI,2.7,0.992,0.706,0.265,0.021,0,0.008,48,0
Andre DrummondBRK,3,0.995,0.708,0.256,0.021,0.01,0.005,45,0
Chris DuarteIND,15.5,0.589,0.203,0.135,0.148,0.103,0.411,15,0.282
David Duke Jr.BRK,10.6,0.657,0.463,0.13,0.028,0.037,0.343,10,0.541
Kris DunnPOR,9.1,0.892,0.275,0.412,0.108,0.098,0.108,4,0
Kevin DurantBRK,15.1,0.731,0.109,0.143,0.319,0.161,0.269,34,0.067
Jaime EcheniqueWAS,,,,,,,,0,
Anthony EdwardsMIN,15.2,0.516,0.282,0.129,0.055,0.051,0.484,58,0.086
Carsen EdwardsDET,17.6,0.467,0.233,0.067,0.1,0.067,0.533,0,0.063
Kessler EdwardsBRK,15.4,0.491,0.266,0.116,0.071,0.037,0.509,18,0.456
Rob EdwardsOKC,24.3,0,0,0,0,0,1,0,0.5
CJ EllebyPOR,13.4,0.591,0.312,0.169,0.075,0.036,0.409,10,0.317
Wayne EllingtonLAL,23.4,0.11,0.042,0.025,0.03,0.013,0.89,0,0.28
Joel EmbiidPHI,11.9,0.812,0.253,0.194,0.24,0.124,0.188,74,0.048
James Ennis IIITOT,10.6,0.667,0.542,0.083,0,0.042,0.333,0,0.125
James Ennis IIIBRK,8.3,0.714,0.714,0,0,0,0.286,0,0
James Ennis IIILAC,12.3,0.636,0.455,0.091,0,0.091,0.364,0,0
James Ennis IIIDEN,10,0.667,0.5,0.167,0,0,0.333,0,0.5
Drew EubanksTOT,6.2,0.938,0.442,0.364,0.094,0.038,0.062,77,0.174
Drew EubanksSAS,5.7,0.95,0.453,0.384,0.069,0.044,0.05,31,0.25
Drew EubanksPOR,6.6,0.929,0.434,0.349,0.113,0.033,0.071,46,0.133
Tacko FallCLE,3.2,1,0.667,0.333,0,0,0,2,
Derrick FavorsOKC,9.7,0.912,0.341,0.165,0.231,0.176,0.088,12,0.875
Bruno FernandoTOT,4,0.964,0.618,0.291,0.036,0.018,0.036,17,0.5
Bruno FernandoBOS,6.2,0.929,0.643,0.071,0.143,0.071,0.071,2,0
Bruno FernandoHOU,3.2,0.976,0.61,0.366,0,0,0.024,15,1
Dorian Finney-SmithDAL,17,0.371,0.233,0.098,0.025,0.016,0.629,49,0.414
Malik FittsTOT,16.7,0.474,0.211,0.158,0.053,0.053,0.526,1,0.5
Malik FittsUTA,18.1,0.556,0.111,0.222,0.111,0.111,0.444,0,0.25
Malik FittsBOS,15.4,0.4,0.3,0.1,0,0,0.6,1,0.667
Malachi FlynnTOR,18.2,0.508,0.12,0.153,0.077,0.158,0.492,0,0.122
Bryn ForbesTOT,19.5,0.453,0.043,0.137,0.109,0.163,0.547,0,0.173
Bryn ForbesSAS,18.9,0.49,0.054,0.132,0.155,0.149,0.51,0,0.179
Bryn ForbesDEN,20.2,0.407,0.029,0.144,0.053,0.181,0.593,0,0.167
Aleem FordORL,19.5,0.25,0.15,0.1,0,0,0.75,1,0.2
Trent ForrestUTA,8.8,0.826,0.316,0.439,0.058,0.013,0.174,3,0.63
Evan FournierNYK,19.6,0.359,0.081,0.122,0.079,0.077,0.641,3,0.281
De'Aaron FoxSAC,12.4,0.772,0.199,0.267,0.189,0.117,0.228,14,0.137
Melvin FrazierOKC,12.4,0.563,0.25,0.313,0,0,0.438,1,0.667
Tim FrazierTOT,17.4,0.622,0.067,0.178,0.133,0.244,0.378,0,0.235
Tim FrazierORL,17.5,0.605,0.07,0.186,0.116,0.233,0.395,0,0.235
Tim FrazierCLE,14.9,1,0,0,0.5,0.5,0,0,
Enes FreedomBOS,4.4,0.948,0.557,0.33,0.041,0.021,0.052,2,0.2
Markelle FultzORL,11.1,0.903,0.229,0.309,0.211,0.154,0.097,2,0.118
Wenyen GabrielTOT,8.5,0.745,0.473,0.245,0.018,0.009,0.255,13,0.571
Wenyen GabrielBRK,,,,,,,,0,
Wenyen GabrielLAC,11.2,0.615,0.385,0.231,0,0,0.385,0,0.2
Wenyen GabrielLAL,8.1,0.763,0.485,0.247,0.021,0.01,0.237,13,0.652
Daniel GaffordWAS,2.9,0.998,0.657,0.304,0.022,0.012,0.002,158,0
Danilo GallinariATL,18.4,0.508,0.119,0.089,0.151,0.149,0.492,19,0.116
Langston GallowayTOT,19.4,0.385,0.115,0.038,0.115,0.115,0.615,0,0.375
Langston GallowayBRK,19,0.385,0.154,0,0.154,0.077,0.615,0,0.25
Langston GallowayMIL,19.9,0.385,0.077,0.077,0.077,0.154,0.615,0,0.5
Darius GarlandCLE,15.5,0.613,0.195,0.183,0.137,0.097,0.387,0,0.126
Marcus GarrettMIA,9.3,0.81,0.476,0.143,0.095,0.095,0.19,0,0.5
Usman GarubaHOU,12.6,0.545,0.5,0.023,0.023,0,0.455,5,0.25
Luka GarzaDET,12.7,0.667,0.293,0.218,0.068,0.088,0.333,4,0.061
Rudy GayUTA,17.4,0.464,0.142,0.15,0.111,0.061,0.536,14,0.286
Paul GeorgeLAC,16.6,0.596,0.146,0.123,0.16,0.167,0.404,10,0.152
Taj GibsonNYK,9.9,0.771,0.398,0.181,0.102,0.09,0.229,18,0.658
Josh GiddeyOKC,12.7,0.682,0.196,0.336,0.097,0.054,0.318,4,0.202
Shai Gilgeous-AlexanderOKC,12.1,0.718,0.22,0.32,0.131,0.047,0.282,23,0.077
Anthony GillWAS,9.2,0.761,0.294,0.45,0.018,0,0.239,3,0.462
Freddie GillespieORL,6.5,0.955,0.273,0.545,0.136,0,0.045,2,1
Rudy GobertUTA,2.7,0.992,0.738,0.244,0.008,0.002,0.008,233,0
Brandon GoodwinCLE,13.9,0.643,0.266,0.201,0.117,0.058,0.357,0,0.145
Jordan GoodwinWAS,16.6,0.667,0.333,0,0,0.333,0.333,0,0
Aaron GordonDEN,11.5,0.688,0.381,0.169,0.084,0.054,0.312,130,0.419
Eric GordonHOU,16.2,0.466,0.238,0.2,0.021,0.007,0.534,3,0.066
Devonte' GrahamNOP,21.2,0.309,0.082,0.07,0.055,0.102,0.691,1,0.13
Jerami GrantDET,15.2,0.637,0.202,0.149,0.106,0.18,0.363,29,0.358
Hassani GravettORL,20.9,0.316,0.079,0.105,0.079,0.053,0.684,0,0.192
Danny GreenPHI,21.8,0.153,0.069,0.047,0.019,0.019,0.847,1,0.487
Draymond GreenGSW,9.8,0.79,0.315,0.377,0.058,0.039,0.21,21,0.222
Jalen GreenHOU,15.7,0.52,0.271,0.129,0.031,0.088,0.48,69,0.146
JaMychal GreenDEN,12.1,0.621,0.391,0.156,0.034,0.04,0.379,61,0.306
Javonte GreenCHI,9.1,0.689,0.535,0.123,0.031,0,0.311,58,0.594
Jeff GreenDEN,11.3,0.682,0.342,0.233,0.078,0.03,0.318,74,0.548
Josh GreenDAL,11.1,0.695,0.328,0.227,0.098,0.043,0.305,20,0.679
Blake GriffinBRK,13.5,0.537,0.339,0.15,0.035,0.013,0.463,13,0.262
Quentin GrimesNYK,22.1,0.196,0.089,0.017,0.021,0.068,0.804,3,0.249
Kyle GuyMIA,18.7,0.385,0.108,0.169,0.031,0.077,0.615,0,0.225
Rui HachimuraWAS,14.7,0.677,0.197,0.15,0.16,0.171,0.323,22,0.285
Tyrese HaliburtonTOT,16.7,0.572,0.13,0.183,0.158,0.101,0.428,25,0.139
Tyrese HaliburtonSAC,16.8,0.57,0.118,0.183,0.164,0.106,0.43,12,0.147
Tyrese HaliburtonIND,16.6,0.576,0.152,0.183,0.149,0.093,0.424,13,0.124
Tyler HallNYK,,,,,,,,0,
R.J. HamptonORL,13.7,0.6,0.217,0.304,0.044,0.035,0.4,9,0.197
Tim Hardaway Jr.DAL,19.6,0.426,0.094,0.092,0.098,0.142,0.574,15,0.194
James HardenTOT,14.6,0.548,0.231,0.232,0.061,0.024,0.452,6,0.049
James HardenBRK,14.2,0.565,0.239,0.242,0.061,0.023,0.435,6,0.052
James HardenPHI,15.6,0.507,0.21,0.206,0.063,0.028,0.493,0,0.043
Maurice HarklessSAC,15,0.442,0.265,0.155,0.006,0.017,0.558,17,0.604
Jared HarperNOP,16.8,0.538,0.192,0.115,0.077,0.154,0.462,1,0.083
Montrezl HarrellTOT,4.8,0.969,0.582,0.274,0.079,0.034,0.031,150,0.118
Montrezl HarrellWAS,5.5,0.961,0.517,0.319,0.089,0.037,0.039,101,0.133
Montrezl HarrellCHO,3.3,0.988,0.727,0.174,0.058,0.029,0.012,49,0
Gary HarrisORL,17.2,0.454,0.145,0.152,0.051,0.107,0.546,7,0.464
Joe HarrisBRK,19.6,0.29,0.113,0.105,0.048,0.024,0.71,0,0.307
Tobias HarrisPHI,11.7,0.731,0.25,0.282,0.156,0.043,0.269,43,0.262
Shaquille HarrisonBRK,9.5,0.667,0.5,0.167,0,0,0.333,0,1
Josh HartTOT,12.4,0.626,0.399,0.134,0.06,0.033,0.374,19,0.169
Josh HartNOP,11.4,0.663,0.44,0.137,0.052,0.034,0.337,14,0.208
Josh HartPOR,14.5,0.546,0.311,0.126,0.077,0.033,0.454,5,0.108
Isaiah HartensteinLAC,5.9,0.918,0.456,0.369,0.093,0,0.082,66,0.2
Udonis HaslemMIA,9.4,0.871,0.419,0.161,0.194,0.097,0.129,0,0.75
Sam HauserBOS,22.7,0.12,0.1,0.02,0,0,0.88,0,0.318
Jaxson HayesNOP,6.6,0.857,0.54,0.259,0.04,0.018,0.143,105,0.316
Killian HayesDET,14.3,0.636,0.163,0.253,0.135,0.085,0.364,13,0.359
Gordon HaywardCHO,14.4,0.643,0.214,0.173,0.157,0.099,0.357,19,0.205
Aaron HenryPHI,12,0.8,0.2,0.2,0.4,0,0.2,0,0
Juancho HernangómezTOT,17.2,0.349,0.217,0.123,0.009,0,0.651,5,0.362
Juancho HernangómezBOS,18.6,0.333,0.148,0.148,0.037,0,0.667,0,0.167
Juancho HernangómezSAS,13.8,0.5,0.333,0.167,0,0,0.5,0,0.333
Juancho HernangómezUTA,17,0.342,0.233,0.11,0,0,0.658,5,0.438
Willy HernangómezNOP,4.2,0.963,0.563,0.352,0.043,0.006,0.037,30,0.083
Tyler HerroMIA,16,0.609,0.137,0.193,0.156,0.123,0.391,14,0.207
Buddy HieldTOT,19.7,0.348,0.132,0.083,0.069,0.064,0.652,7,0.154
Buddy HieldSAC,20.8,0.286,0.114,0.063,0.052,0.056,0.714,4,0.131
Buddy HieldIND,17.7,0.454,0.163,0.116,0.099,0.077,0.546,3,0.204
Haywood HighsmithMIA,16.7,0.391,0.217,0.13,0,0.043,0.609,0,0.571
George HillMIL,15.4,0.513,0.265,0.138,0.062,0.047,0.487,3,0.381
Malcolm HillTOT,19.5,0.308,0.115,0.115,0.019,0.058,0.692,0,0.306
Malcolm HillATL,19,0.375,0.125,0,0.125,0.125,0.625,0,0.8
Malcolm HillCHI,19.6,0.295,0.114,0.136,0,0.045,0.705,0,0.226
Solomon HillATL,17.9,0.35,0.25,0.1,0,0,0.65,0,0.231
Nate HintonIND,8.1,1,0,1,0,0,0,0,
Jaylen HoardOKC,10,0.722,0.322,0.344,0.033,0.022,0.278,4,0.28
Aaron HolidayTOT,13.1,0.695,0.175,0.299,0.166,0.056,0.305,0,0.155
Aaron HolidayWAS,12.9,0.687,0.178,0.318,0.164,0.028,0.313,0,0.179
Aaron HolidayPHO,13.5,0.71,0.169,0.266,0.169,0.105,0.29,0,0.111
Jrue HolidayMIL,13.6,0.664,0.222,0.246,0.124,0.071,0.336,4,0.103
Justin HolidayTOT,20.7,0.272,0.104,0.048,0.044,0.076,0.728,12,0.288
Justin HolidayIND,21.1,0.266,0.1,0.037,0.05,0.079,0.734,7,0.292
Justin HolidaySAC,20,0.284,0.113,0.074,0.029,0.069,0.716,5,0.281
Richaun HolmesSAC,5.5,0.983,0.5,0.273,0.2,0.01,0.017,62,0
Rodney HoodTOT,19.6,0.42,0.089,0.096,0.102,0.134,0.58,1,0.286
Rodney HoodMIL,19.9,0.389,0.099,0.084,0.084,0.122,0.611,1,0.3
Rodney HoodLAC,18.1,0.577,0.038,0.154,0.192,0.192,0.423,0,0.182
Scotty HopsonOKC,17.3,0.75,0,0.25,0,0.5,0.25,0,0
Al HorfordBOS,15.3,0.534,0.17,0.243,0.069,0.053,0.466,31,0.279
Talen Horton-TuckerLAL,12.8,0.662,0.297,0.204,0.1,0.059,0.338,16,0.187
Danuel House Jr.TOT,16.9,0.409,0.207,0.116,0.045,0.04,0.591,7,0.521
Danuel House Jr.HOU,15.2,0.541,0.311,0.081,0.068,0.081,0.459,2,0.353
Danuel House Jr.NYK,27,0,0,0,0,0,1,0,0
Danuel House Jr.UTA,17.8,0.333,0.146,0.138,0.033,0.016,0.667,5,0.598
Dwight HowardLAL,4.5,0.932,0.63,0.251,0.037,0.014,0.068,40,0.133
Markus HowardDEN,20.2,0.307,0.089,0.119,0.04,0.059,0.693,0,0.243
Kevin HuerterATL,18,0.459,0.109,0.136,0.136,0.079,0.541,3,0.26
Jay HuffLAL,19.9,0.333,0,0.333,0,0,0.667,0,0
Elijah HughesTOT,20.1,0.34,0.09,0.09,0.125,0.035,0.66,2,0.274
Elijah HughesUTA,21.1,0.222,0.111,0.056,0.028,0.028,0.778,1,0.393
Elijah HughesPOR,19.8,0.38,0.083,0.102,0.157,0.037,0.62,1,0.224
Feron HuntNYK,1.5,1,1,0,0,0,0,0,
De'Andre HunterATL,13.9,0.661,0.219,0.179,0.153,0.11,0.339,22,0.405
Chandler HutchisonPHO,5,1,0.5,0.5,0,0,0,0,
Bones HylandDEN,19.4,0.373,0.123,0.13,0.072,0.049,0.627,3,0.173
Serge IbakaTOT,13.8,0.666,0.193,0.274,0.105,0.095,0.334,21,0.091
Serge IbakaLAC,13.9,0.677,0.182,0.271,0.12,0.104,0.323,12,0.032
Serge IbakaMIL,13.7,0.644,0.212,0.279,0.077,0.077,0.356,9,0.189
Andre IguodalaGSW,18.1,0.388,0.207,0.116,0.025,0.041,0.612,17,0.338
Joe InglesUTA,21.3,0.211,0.039,0.147,0.014,0.011,0.789,0,0.187
Brandon IngramNOP,14.6,0.77,0.14,0.152,0.249,0.229,0.23,39,0.133
Kyrie IrvingBRK,16.5,0.612,0.093,0.188,0.203,0.128,0.388,1,0.146
Wes IwunduATL,12.3,0.722,0.278,0.167,0.111,0.167,0.278,0,0.6
Frank JacksonDET,17.4,0.422,0.166,0.159,0.068,0.029,0.578,5,0.33
Isaiah JacksonIND,5,0.922,0.621,0.218,0.053,0.029,0.078,46,0.063
Jaren Jackson Jr.MEM,13.1,0.613,0.218,0.335,0.055,0.005,0.387,46,0.175
Josh JacksonTOT,14.9,0.567,0.243,0.17,0.06,0.093,0.433,9,0.238
Josh JacksonDET,15.2,0.55,0.243,0.163,0.056,0.088,0.45,9,0.257
Josh JacksonSAC,13.7,0.653,0.245,0.204,0.082,0.122,0.347,0,0.118
Justin JacksonTOT,19.9,0.4,0,0.2,0.067,0.133,0.6,0,0.111
Justin JacksonBOS,20.9,1,0,0,0,1,0,0,
Justin JacksonPHO,19.8,0.357,0,0.214,0.071,0.071,0.643,0,0.111
Reggie JacksonLAC,16.3,0.581,0.145,0.19,0.106,0.14,0.419,10,0.186
LeBron JamesLAL,13.8,0.633,0.325,0.141,0.073,0.094,0.367,85,0.074
DeJon JarreauIND,,,,,,,,0,
DaQuan JeffriesMEM,12.1,0.5,0.5,0,0,0,0.5,1,1
Ty JeromeOKC,18.3,0.433,0.07,0.235,0.113,0.015,0.567,0,0.161
Isaiah JoePHI,22.2,0.237,0.079,0.034,0.045,0.079,0.763,4,0.296
Alize JohnsonTOT,6.2,0.897,0.564,0.282,0.051,0,0.103,0,0.5
Alize JohnsonCHI,6.6,0.913,0.478,0.391,0.043,0,0.087,0,0.5
Alize JohnsonWAS,9.7,0.667,0.667,0,0,0,0.333,0,0.5
Alize JohnsonNOP,3.2,1,0.7,0.2,0.1,0,0,0,
B.J. JohnsonORL,16.9,0.6,0.2,0.08,0.12,0.2,0.4,1,0.2
Cameron JohnsonPHO,18.6,0.356,0.127,0.147,0.041,0.041,0.644,19,0.368
David JohnsonTOR,26.1,0,0,0,0,0,1,0,0
Jalen JohnsonATL,10.8,0.683,0.488,0.073,0.073,0.049,0.317,10,0.385
James JohnsonBRK,9.4,0.723,0.476,0.192,0.033,0.023,0.277,25,0.376
Joe JohnsonBOS,18.1,1,0,0,0,1,0,0,
Keldon JohnsonSAS,13.4,0.605,0.218,0.295,0.064,0.029,0.395,25,0.228
Keon JohnsonTOT,13.3,0.632,0.276,0.188,0.103,0.066,0.368,12,0.18
Keon JohnsonLAC,11,0.784,0.294,0.255,0.098,0.137,0.216,3,0.545
Keon JohnsonPOR,13.9,0.597,0.271,0.172,0.104,0.05,0.403,9,0.135
Stanley JohnsonLAL,13.7,0.582,0.243,0.215,0.088,0.036,0.418,2,0.39
Tyler JohnsonTOT,22.2,0.35,0,0,0.15,0.2,0.65,0,0.308
Tyler JohnsonPHI,23.6,0.3,0,0,0.1,0.2,0.7,0,0
Tyler JohnsonSAS,20.8,0.4,0,0,0.2,0.2,0.6,0,0.667
Nikola Joki?DEN,10.2,0.78,0.268,0.384,0.082,0.046,0.22,31,0.038
Carlik JonesTOT,10.1,0.889,0.333,0.111,0.333,0.111,0.111,0,1
Carlik JonesDAL,10,0.857,0.286,0.143,0.429,0,0.143,0,1
Carlik JonesDEN,10.2,1,0.5,0,0,0.5,0,0,
Damian JonesSAC,7.4,0.891,0.489,0.241,0.06,0.102,0.109,57,0.241
Derrick Jones Jr.CHI,8.9,0.687,0.549,0.128,0.005,0.005,0.313,39,0.672
Herbert JonesNOP,10.7,0.707,0.413,0.205,0.016,0.073,0.293,52,0.521
Jemerrio JonesLAL,2.7,1,0.667,0.333,0,0,0,0,
Kai JonesCHO,7.7,0.857,0.5,0.214,0.071,0.071,0.143,7,0.5
Mason JonesLAL,10.5,0.733,0.267,0.4,0.067,0,0.267,0,0
Tre JonesSAS,9.7,0.85,0.307,0.307,0.201,0.035,0.15,1,0.451
Tyus JonesMEM,15.2,0.629,0.1,0.241,0.243,0.045,0.371,0,0.21
DeAndre JordanTOT,1.7,1,0.818,0.168,0.007,0.007,0,69,
DeAndre JordanLAL,1.8,1,0.798,0.191,0,0.011,0,45,
DeAndre JordanPHI,1.6,1,0.852,0.13,0.019,0,0,24,
Cory JosephDET,14.7,0.608,0.22,0.21,0.065,0.113,0.393,0,0.248
Georgios KalaitzakisTOT,13.8,0.612,0.269,0.179,0.09,0.075,0.388,4,0.154
Georgios KalaitzakisMIL,13.4,0.636,0.182,0.273,0.182,0,0.364,0,0
Georgios KalaitzakisOKC,13.9,0.607,0.286,0.161,0.071,0.089,0.393,4,0.182
Frank KaminskyPHO,9.2,0.773,0.303,0.394,0.061,0.015,0.227,4,0.067
Luke KennardLAC,20.8,0.338,0.05,0.086,0.121,0.081,0.662,0,0.142
Braxton KeyTOT,11,0.708,0.292,0.292,0.069,0.056,0.292,6,0.429
Braxton KeyPHI,12.7,0.5,0.5,0,0,0,0.5,0,0
Braxton KeyDET,11,0.714,0.286,0.3,0.071,0.057,0.286,6,0.45
George KingDAL,19.6,0.2,0,0.2,0,0,0.8,0,0.75
Louis KingSAC,20.1,0.426,0.021,0.128,0.085,0.191,0.574,0,0.296
Corey KispertWAS,18.1,0.377,0.167,0.132,0.045,0.033,0.623,12,0.325
Maxi KleberDAL,19.9,0.28,0.164,0.051,0.04,0.025,0.72,20,0.231
Brandon KnightDAL,19.4,0.32,0.28,0.04,0,0,0.68,0,0.118
Nathan KnightMIN,5.7,0.852,0.591,0.25,0.011,0,0.148,13,0.308
Kevin KnoxTOT,18.5,0.365,0.153,0.106,0.059,0.047,0.635,7,0.315
Kevin KnoxNYK,20,0.3,0.125,0.075,0.075,0.025,0.7,2,0.25
Kevin KnoxATL,17.2,0.422,0.178,0.133,0.044,0.067,0.578,5,0.385
John KoncharMEM,14.3,0.519,0.332,0.092,0.053,0.042,0.481,18,0.46
Furkan KorkmazPHI,17.4,0.434,0.187,0.149,0.047,0.051,0.566,8,0.199
Luke KornetTOT,7.2,0.815,0.519,0.222,0.074,0,0.185,4,0
Luke KornetCLE,7.7,0.8,0.6,0.2,0,0,0.2,0,0
Luke KornetMIL,11.9,1,0,0,1,0,0,0,
Luke KornetBOS,6.9,0.81,0.524,0.238,0.048,0,0.19,4,0
Vit KrejciOKC,17.5,0.413,0.102,0.257,0.012,0.042,0.587,5,0.194
Arnoldas KulbokaCHO,23.4,0,0,0,0,0,1,0,1
Jonathan KumingaGSW,11,0.676,0.341,0.276,0.043,0.015,0.324,74,0.349
Kyle KuzmaWAS,14.8,0.599,0.167,0.26,0.108,0.065,0.401,19,0.227
Anthony LambSAS,27.1,0,0,0,0,0,1,0,0
Jeremy LambTOT,17.4,0.51,0.089,0.202,0.147,0.072,0.49,0,0.188
Jeremy LambIND,18,0.487,0.083,0.184,0.154,0.066,0.513,0,0.205
Jeremy LambSAC,16.3,0.555,0.101,0.235,0.134,0.084,0.445,0,0.151
Jock LandaleSAS,13.3,0.564,0.368,0.152,0.025,0.02,0.436,23,0.225
Romeo LangfordTOT,14.4,0.555,0.204,0.241,0.079,0.031,0.445,8,0.518
Romeo LangfordBOS,14.5,0.549,0.207,0.239,0.076,0.027,0.451,7,0.518
Romeo LangfordSAS,12.3,0.714,0.143,0.286,0.143,0.143,0.286,1,0.5
Zach LaVineCHI,15.2,0.599,0.264,0.103,0.086,0.147,0.401,62,0.139
Jake LaymanMIN,14.4,0.521,0.301,0.123,0.055,0.041,0.479,6,0.486
Damion LeeGSW,16.4,0.512,0.188,0.146,0.091,0.086,0.488,2,0.396
Saben LeeDET,11.2,0.661,0.379,0.232,0.04,0.011,0.339,7,0.233
Alex LenSAC,7,0.881,0.415,0.335,0.125,0.006,0.119,26,0.286
Caris LeVertTOT,12.8,0.7,0.207,0.26,0.201,0.032,0.3,20,0.129
Caris LeVertIND,13,0.696,0.195,0.259,0.211,0.032,0.304,15,0.138
Caris LeVertCLE,12.4,0.711,0.241,0.263,0.177,0.03,0.289,5,0.104
Kira Lewis Jr.NOP,14.8,0.603,0.267,0.171,0.103,0.062,0.397,3,0.241
Scottie LewisCHO,,,,,,,,0,
Damian LillardPOR,17.9,0.486,0.239,0.071,0.074,0.101,0.514,2,0.056
Nassir LittlePOR,14.9,0.511,0.283,0.14,0.038,0.051,0.489,32,0.279
Isaiah LiversDET,20.1,0.289,0.111,0.078,0.033,0.067,0.711,1,0.406
Kevon LooneyGSW,4.6,0.997,0.541,0.308,0.066,0.082,0.003,83,0
Brook LopezMIL,13.2,0.595,0.298,0.198,0.084,0.015,0.405,15,0.34
Robin LopezORL,6.2,0.97,0.281,0.618,0.055,0.015,0.03,7,0.167
Didi LouzadaTOT,20,0.303,0.061,0.121,0.061,0.061,0.697,0,0.174
Didi LouzadaNOP,25.1,0,0,0,0,0,1,0,0.333
Didi LouzadaPOR,19.4,0.333,0.067,0.133,0.067,0.067,0.667,0,0.15
Kevin LoveCLE,19.7,0.373,0.113,0.1,0.084,0.076,0.627,5,0.17
Kyle LowryMIA,19.8,0.391,0.121,0.091,0.091,0.088,0.609,0,0.147
Gabriel LundbergPHO,19.3,0.579,0.158,0.053,0,0.368,0.421,0,0
Timothé Luwawu-CabarrotATL,17.5,0.344,0.22,0.07,0.038,0.016,0.656,6,0.459
Trey LylesTOT,12.8,0.628,0.292,0.224,0.077,0.036,0.372,23,0.239
Trey LylesDET,13.2,0.62,0.284,0.216,0.073,0.047,0.38,14,0.205
Trey LylesSAC,11.8,0.646,0.309,0.242,0.084,0.011,0.354,9,0.317
Théo MaledonOKC,15.3,0.527,0.117,0.334,0.054,0.022,0.473,1,0.18
Sandro MamukelashviliMIL,13.3,0.548,0.409,0.104,0.026,0.009,0.452,8,0.25
Terance MannLAC,12.3,0.699,0.313,0.18,0.138,0.068,0.301,56,0.389
Tre MannOKC,16.7,0.537,0.102,0.264,0.094,0.078,0.463,6,0.143
Boban Marjanovi?DAL,7,0.943,0.329,0.414,0.171,0.029,0.057,9,0
Lauri MarkkanenCLE,16.5,0.459,0.226,0.144,0.061,0.028,0.541,52,0.2
Naji MarshallNOP,12.8,0.61,0.32,0.193,0.071,0.026,0.39,14,0.343
Caleb MartinMIA,12.6,0.622,0.373,0.146,0.034,0.068,0.378,36,0.452
Cody MartinCHO,12.1,0.624,0.39,0.137,0.045,0.052,0.376,34,0.597
Kelan MartinTOT,15.4,0.561,0.234,0.123,0.088,0.117,0.439,3,0.347
Kelan MartinIND,15.4,0.56,0.238,0.119,0.083,0.119,0.44,3,0.351
Kelan MartinBOS,14.4,0.667,0,0.333,0.333,0,0.333,0,0
Kenyon Martin Jr.HOU,9.8,0.679,0.455,0.222,0.002,0,0.321,114,0.274
Garrison MathewsHOU,22.5,0.163,0.104,0.041,0.009,0.009,0.837,10,0.244
Dakota MathiasMEM,25.1,0,0,0,0,0,1,0,0.167
Wesley MatthewsMIL,19.1,0.286,0.155,0.091,0.041,0,0.714,0,0.382
Tyrese MaxeyPHI,12.9,0.689,0.258,0.237,0.121,0.073,0.311,14,0.181
Skylar MaysATL,12.1,0.609,0.422,0.109,0.016,0.063,0.391,2,0.36
Miles McBrideNYK,19.1,0.37,0.139,0.093,0.019,0.12,0.63,0,0.25
Mac McClungTOT,16.5,0.5,0.333,0,0,0.167,0.5,0,0
Mac McClungCHI,16,1,0,0,0,1,0,0,
Mac McClungLAL,16.6,0.4,0.4,0,0,0,0.6,0,0
CJ McCollumTOT,16.2,0.597,0.127,0.183,0.162,0.125,0.403,4,0.13
CJ McCollumPOR,16.7,0.565,0.126,0.165,0.155,0.119,0.435,2,0.166
CJ McCollumNOP,15.6,0.639,0.128,0.206,0.172,0.132,0.361,2,0.072
T.J. McConnellIND,10,0.841,0.274,0.332,0.173,0.063,0.159,0,0.333
Jaden McDanielsMIN,13.8,0.545,0.283,0.179,0.054,0.029,0.455,46,0.496
Jalen McDanielsCHO,13.4,0.575,0.283,0.224,0.051,0.016,0.425,17,0.38
Doug McDermottSAS,16.6,0.449,0.176,0.185,0.06,0.028,0.551,5,0.188
JaVale McGeePHO,4.3,0.98,0.535,0.371,0.052,0.022,0.02,100,0
Cameron McGriffPOR,13,0.571,0.357,0.143,0,0.071,0.429,0,0.333
Rodney McGruderDET,18.2,0.351,0.169,0.12,0.044,0.018,0.649,1,0.459
Alfonzo McKinnieCHI,14.1,0.557,0.311,0.082,0.082,0.082,0.443,7,0.407
JaQuori McLaughlinDAL,21.9,0.5,0,0,0,0.5,0.5,0,1
Jordan McLaughlinMIN,13.3,0.575,0.29,0.23,0.05,0.005,0.425,3,0.365
Ben McLemorePOR,21.9,0.226,0.091,0.033,0.006,0.096,0.774,8,0.309
De'Anthony MeltonMEM,17.2,0.465,0.167,0.164,0.068,0.066,0.535,21,0.156
Sam MerrillMEM,24.4,0.042,0.042,0,0,0,0.958,0,0.217
Chimezie MetuSAC,14,0.586,0.229,0.223,0.085,0.049,0.414,63,0.301
Khris MiddletonMIL,17.3,0.575,0.104,0.14,0.189,0.142,0.425,6,0.111
C.J. MilesBOS,,,,,,,,0,
Patty MillsBRK,21.4,0.285,0.064,0.037,0.065,0.118,0.715,0,0.257
Paul MillsapTOT,10.9,0.696,0.357,0.243,0.087,0.009,0.304,3,0.371
Paul MillsapBRK,11.1,0.682,0.376,0.212,0.082,0.012,0.318,3,0.37
Paul MillsapPHI,10.2,0.733,0.3,0.333,0.1,0,0.267,0,0.375
Shake MiltonPHI,13.4,0.67,0.199,0.278,0.136,0.057,0.33,1,0.233
Davion MitchellSAC,15.6,0.62,0.189,0.154,0.108,0.17,0.38,3,0.119
Donovan MitchellUTA,16.7,0.525,0.14,0.236,0.077,0.072,0.475,21,0.09
Evan MobleyCLE,8.4,0.889,0.364,0.307,0.143,0.075,0.111,151,0.228
Malik MonkLAL,16.3,0.465,0.229,0.162,0.034,0.04,0.535,54,0.172
Greg MonroeTOT,3.1,1,0.632,0.351,0,0.018,0,1,
Greg MonroeMIN,3.7,1,0.545,0.409,0,0.045,0,0,
Greg MonroeWAS,2.3,1,0.75,0.25,0,0,0,0,
Greg MonroeMIL,3,1,0.636,0.364,0,0,0,1,
Greg MonroeUTA,2.5,1,0.8,0.2,0,0,0,0,
Moses MoodyGSW,17.5,0.399,0.213,0.082,0.049,0.055,0.601,11,0.336
Xavier MoonLAC,16.4,0.725,0.098,0.137,0.176,0.314,0.275,0,0.071
Matt MooneyNYK,25.1,0,0,0,0,0,1,0,0
Ja MorantMEM,10.3,0.782,0.332,0.291,0.135,0.025,0.218,58,0.09
Juwan MorganTOT,17.1,0.333,0.333,0,0,0,0.667,0,0
Juwan MorganTOR,17.1,0.333,0.333,0,0,0,0.667,0,0
Juwan MorganBOS,,,,,,,,0,
Jaylen MorrisSAS,11.6,0.667,0.5,0.167,0,0,0.333,0,0
Marcus MorrisLAC,17.6,0.602,0.046,0.145,0.24,0.171,0.398,0,0.215
Markieff MorrisMIA,14.8,0.658,0.14,0.175,0.228,0.114,0.342,4,0.487
Monte MorrisDEN,16.1,0.594,0.155,0.137,0.132,0.169,0.406,0,0.328
Emmanuel MudiaySAC,13,1,0,0,1,0,0,0,
Mychal MulderTOT,19.7,0.299,0.117,0.104,0.026,0.052,0.701,2,0.241
Mychal MulderORL,19.4,0.313,0.134,0.104,0.03,0.045,0.687,2,0.217
Mychal MulderMIA,22.2,0.2,0,0.1,0,0.1,0.8,0,0.375
Ade MurkeySAC,,,,,,,,0,
Trey Murphy IIINOP,18.5,0.329,0.199,0.087,0.018,0.025,0.671,17,0.392
Dejounte MurraySAS,12.7,0.763,0.214,0.206,0.226,0.116,0.237,23,0.17
Mike MuscalaOKC,19.6,0.343,0.129,0.097,0.089,0.028,0.657,9,0.178
Svi MykhailiukTOR,17,0.427,0.218,0.098,0.06,0.051,0.573,7,0.299
Abdel NaderPHO,12.9,0.6,0.314,0.286,0,0,0.4,1,0.357
Larry Nance Jr.TOT,9.9,0.717,0.466,0.17,0.057,0.024,0.283,43,0.3
Larry Nance Jr.POR,10.5,0.687,0.449,0.162,0.051,0.025,0.313,35,0.274
Larry Nance Jr.NOP,7.6,0.837,0.531,0.204,0.082,0.02,0.163,8,0.5
RJ Nembhard Jr.CLE,8,0.889,0.389,0.333,0.111,0.056,0.111,0,0
Aaron NesmithBOS,18.4,0.368,0.126,0.154,0.033,0.055,0.632,5,0.383
Raul NetoWAS,12,0.728,0.231,0.313,0.159,0.025,0.272,0,0.142
Malik NewmanCLE,14.8,0.8,0.2,0,0.4,0.2,0.2,0,0
Georges NiangPHI,19.1,0.313,0.119,0.153,0.032,0.009,0.687,2,0.305
Daishen NixHOU,12.7,0.612,0.358,0.239,0,0.015,0.388,3,0.154
Zeke NnajiDEN,13.1,0.57,0.355,0.156,0.005,0.054,0.43,20,0.425
Nerlens NoelNYK,5.9,0.95,0.533,0.25,0.167,0,0.05,3,0.667
Jaylen NowellMIN,14.1,0.613,0.203,0.225,0.143,0.041,0.387,8,0.169
Frank NtilikinaDAL,17.5,0.502,0.117,0.157,0.094,0.135,0.498,1,0.315
Jusuf Nurki?POR,5.9,0.907,0.49,0.35,0.03,0.037,0.093,35,0.018
David NwabaHOU,9,0.722,0.511,0.193,0.017,0,0.278,22,0.408
Jordan NworaMIL,16.8,0.509,0.188,0.13,0.097,0.093,0.491,10,0.295
Royce O'NealeUTA,18.7,0.311,0.194,0.106,0.011,0,0.689,10,0.307
Semi OjeleyeTOT,16.5,0.495,0.091,0.263,0.141,0,0.505,5,0.32
Semi OjeleyeMIL,17.9,0.414,0.086,0.229,0.1,0,0.586,3,0.39
Semi OjeleyeLAC,13.2,0.69,0.103,0.345,0.241,0,0.31,2,0
Chuma OkekeORL,18.6,0.355,0.137,0.139,0.045,0.033,0.645,29,0.24
Josh OkogieMIN,12.3,0.548,0.365,0.173,0.01,0,0.452,9,0.468
Onyeka OkongwuATL,2.7,1,0.677,0.296,0.027,0,0,59,
Isaac OkoroCLE,10.4,0.636,0.487,0.123,0.009,0.016,0.364,36,0.732
KZ OkpalaMIA,12,0.623,0.319,0.232,0.058,0.014,0.377,7,0.615
Victor OladipoMIA,16.9,0.507,0.247,0.096,0.082,0.082,0.493,2,0.139
Cameron OliverATL,7.8,0.8,0.6,0.133,0,0.067,0.2,1,0.333
Kelly OlynykDET,14.2,0.584,0.301,0.175,0.045,0.063,0.416,11,0.017
Eugene OmoruyiDAL,17.7,0.6,0,0.2,0.2,0.2,0.4,0,0.5
Miye OniUTA,21.8,0.111,0.111,0,0,0,0.889,0,0.625
Cedi OsmanCLE,17.9,0.372,0.227,0.107,0.017,0.021,0.628,8,0.181
Daniel OturuTOR,6.8,0.833,0.5,0.333,0,0,0.167,0,0
Kelly Oubre Jr.CHO,16.9,0.407,0.231,0.121,0.042,0.013,0.593,53,0.313
Jaysean PaigeDET,23.7,0.333,0,0,0,0.333,0.667,0,0
Trayvon PalmerDET,4,1,0,1,0,0,0,0,
Kevin PangosCLE,17.8,0.435,0.109,0.239,0.043,0.043,0.565,0,0.038
Jabari ParkerBOS,16.6,0.579,0.211,0.184,0.026,0.158,0.421,4,0.375
Eric PaschallUTA,13.4,0.54,0.315,0.183,0.034,0.009,0.46,17,0.519
Chris PaulPHO,16.4,0.73,0.034,0.158,0.346,0.192,0.27,0,0.08
Cameron PaynePHO,13.8,0.641,0.187,0.3,0.112,0.041,0.359,1,0.085
Elfrid PaytonPHO,8,0.897,0.263,0.491,0.097,0.046,0.103,4,0.333
Gary Payton IIGSW,10.4,0.651,0.398,0.244,0.003,0.006,0.349,55,0.6
Norvel PelleUTA,0.4,1,1,0,0,0,0,2,
Reggie PerryTOT,10.5,0.797,0.342,0.266,0.089,0.101,0.203,6,0.063
Reggie PerryPOR,10.4,0.795,0.346,0.269,0.09,0.09,0.205,6,0.063
Reggie PerryIND,20.1,1,0,0,0,1,0,0,
Jamorko PickettDET,21.1,0.22,0.04,0.16,0,0.02,0.78,1,0.359
Theo PinsonDAL,21.9,0.231,0.051,0.077,0.026,0.077,0.769,1,0.1
Mason PlumleeCHO,3.1,0.994,0.681,0.266,0.044,0.003,0.006,108,0
Jakob PoeltlSAS,4.7,0.998,0.471,0.391,0.133,0.005,0.002,44,0
Aleksej PokusevskiOKC,14.6,0.568,0.2,0.248,0.07,0.05,0.432,32,0.203
Yves PonsMEM,15,0.438,0.25,0.125,0.063,0,0.563,1,0.556
Jordan PooleGSW,17.8,0.452,0.142,0.182,0.066,0.061,0.548,16,0.16
Kevin Porter Jr.HOU,16.5,0.489,0.203,0.157,0.058,0.071,0.511,34,0.107
Michael Porter Jr.DEN,17.2,0.534,0.165,0.097,0.107,0.165,0.466,2,0.104
Otto Porter Jr.GSW,16.7,0.481,0.161,0.163,0.087,0.07,0.519,11,0.241
Bobby PortisMIL,14.5,0.612,0.219,0.185,0.126,0.082,0.388,24,0.382
Kristaps Porzi??isTOT,14.3,0.671,0.214,0.183,0.186,0.089,0.329,85,0.028
Kristaps Porzi??isDAL,14.3,0.659,0.23,0.161,0.191,0.077,0.341,60,0.029
Kristaps Porzi??isWAS,14.3,0.695,0.181,0.224,0.178,0.112,0.305,25,0.025
Micah PotterDET,8.3,0.818,0.364,0.273,0.182,0,0.182,0,0
Dwight PowellDAL,4.6,0.908,0.708,0.16,0.02,0.02,0.092,108,0.216
Myles PowellPHI,13.5,0.647,0.353,0.176,0,0.118,0.353,0,0
Norman PowellTOT,14.4,0.582,0.256,0.179,0.058,0.089,0.418,13,0.316
Norman PowellPOR,14.4,0.577,0.264,0.172,0.052,0.09,0.423,12,0.332
Norman PowellLAC,14.2,0.619,0.19,0.238,0.111,0.079,0.381,1,0.167
Joshua PrimoSAS,15.9,0.493,0.2,0.178,0.07,0.044,0.507,8,0.35
Taurean PrinceMIN,17.2,0.413,0.174,0.138,0.062,0.038,0.587,7,0.402
Payton PritchardBOS,20.6,0.343,0.094,0.091,0.062,0.097,0.657,1,0.167
Trevelin QueenHOU,19.6,0.273,0.242,0.03,0,0,0.727,1,0.167
Neemias QuetaSAC,5.4,1,0.447,0.368,0.132,0.053,0,5,
Immanuel QuickleyNYK,18.4,0.453,0.09,0.167,0.13,0.066,0.547,2,0.104
Jahmi'us RamseySAC,12.4,0.69,0.31,0.224,0.069,0.086,0.31,2,0.167
Julius RandleNYK,13.8,0.687,0.254,0.152,0.137,0.144,0.313,43,0.115
Austin ReavesLAL,16.6,0.475,0.211,0.157,0.066,0.041,0.525,6,0.287
Cam ReddishTOT,15.7,0.549,0.211,0.125,0.108,0.105,0.451,13,0.283
Cam ReddishATL,15.8,0.554,0.21,0.111,0.12,0.114,0.446,12,0.288
Cam ReddishNYK,15.1,0.523,0.215,0.2,0.046,0.062,0.477,1,0.258
Davon ReedDEN,18,0.466,0.099,0.161,0.075,0.13,0.534,2,0.302
Paul ReedPHI,5.4,0.917,0.625,0.219,0.042,0.031,0.083,22,0.5
Naz ReidMIN,10.6,0.651,0.399,0.244,0.008,0,0.349,40,0.229
Nick RichardsCHO,2.7,1,0.689,0.278,0.033,0,0,30,
Josh RichardsonTOT,17.2,0.539,0.109,0.154,0.178,0.099,0.461,8,0.183
Josh RichardsonBOS,17.1,0.545,0.108,0.155,0.175,0.108,0.455,3,0.218
Josh RichardsonSAS,17.4,0.529,0.11,0.152,0.183,0.084,0.471,5,0.122
Austin RiversDEN,17.9,0.34,0.16,0.151,0.02,0.009,0.66,2,0.45
Duncan RobinsonMIA,22.7,0.14,0.077,0.039,0.012,0.012,0.86,2,0.239
Justin RobinsonTOT,21.4,0.344,0.065,0.075,0.118,0.086,0.656,0,0.262
Justin RobinsonMIL,20.9,0.351,0.088,0.07,0.14,0.053,0.649,0,0.216
Justin RobinsonSAC,16.2,0.625,0,0.25,0.25,0.125,0.375,0,0.333
Justin RobinsonDET,23.7,0.25,0.036,0.036,0.036,0.143,0.75,0,0.333
Mitchell RobinsonNYK,1.2,1,0.918,0.082,0,0,0,178,
Jeremiah Robinson-EarlOKC,15.3,0.491,0.244,0.151,0.062,0.034,0.509,15,0.279
Isaiah RobyOKC,10.8,0.693,0.319,0.328,0.031,0.015,0.307,36,0.273
Rajon RondoTOT,16.1,0.5,0.222,0.17,0.091,0.017,0.5,0,0.114
Rajon RondoLAL,14.1,0.577,0.254,0.225,0.085,0.014,0.423,0,0.067
Rajon RondoCLE,17.4,0.448,0.2,0.133,0.095,0.019,0.552,0,0.138
Derrick RoseNYK,13.4,0.664,0.245,0.23,0.088,0.102,0.336,0,0.185
Terrence RossORL,18,0.523,0.108,0.125,0.155,0.135,0.477,10,0.133
Terry RozierCHO,16.4,0.492,0.181,0.165,0.082,0.064,0.508,10,0.364
Ricky RubioCLE,15.4,0.577,0.197,0.165,0.136,0.078,0.423,0,0.293
D'Angelo RussellMIN,18.2,0.469,0.128,0.128,0.104,0.109,0.531,5,0.083
Matt RyanBOS,25.6,0,0,0,0,0,1,0,0.4
Domantas SabonisTOT,7.6,0.838,0.485,0.265,0.047,0.041,0.162,59,0.136
Domantas SabonisIND,7.9,0.811,0.511,0.226,0.042,0.032,0.189,45,0.148
Domantas SabonisSAC,6.8,0.916,0.411,0.376,0.059,0.069,0.084,14,0.059
Olivier SarrOKC,10.8,0.713,0.238,0.396,0.069,0.01,0.287,19,0.241
Tomáš SatoranskýTOT,13,0.723,0.241,0.236,0.152,0.094,0.277,6,0.208
Tomáš SatoranskýNOP,12.7,0.71,0.234,0.262,0.15,0.065,0.29,1,0.161
Tomáš SatoranskýSAS,,,,,,,,0,
Tomáš SatoranskýWAS,13.3,0.738,0.25,0.202,0.155,0.131,0.262,5,0.273
Jordan SchakelWAS,17.8,0.455,0.091,0.273,0,0.091,0.545,0,0.167
Admiral SchofieldORL,17.6,0.388,0.147,0.209,0.023,0.008,0.612,1,0.367
Dennis SchröderTOT,14.7,0.655,0.169,0.228,0.126,0.133,0.345,0,0.112
Dennis SchröderBOS,14.5,0.671,0.163,0.24,0.132,0.137,0.329,0,0.125
Dennis SchröderHOU,15.6,0.586,0.193,0.179,0.1,0.114,0.414,0,0.069
Tre ScottCLE,8.2,0.833,0.5,0.167,0.167,0,0.167,0,0
Jay ScrubbLAC,16.2,0.543,0.239,0.087,0.13,0.087,0.457,1,0.143
Wayne SeldenNYK,15.9,0.5,0,0.5,0,0,0.5,0,0.5
Alperen ?engünHOU,9,0.777,0.429,0.297,0.042,0.01,0.223,44,0.085
Collin SextonCLE,11.8,0.702,0.305,0.258,0.066,0.073,0.298,4,0.156
Landry ShametPHO,20,0.311,0.089,0.109,0.058,0.056,0.689,13,0.302
Day'Ron SharpeBRK,3.2,0.953,0.772,0.161,0.02,0,0.047,22,0.143
Pascal SiakamTOR,11.2,0.819,0.216,0.34,0.132,0.132,0.181,31,0.183
Chris SilvaTOT,4,1,0.533,0.4,0,0.067,0,2,
Chris SilvaMIN,,,,,,,,0,
Chris SilvaMIA,4,1,0.533,0.4,0,0.067,0,2,
Marko SimonovicCHI,12.2,0.667,0.333,0.2,0,0.133,0.333,1,0
Anfernee SimonsPOR,19,0.445,0.113,0.118,0.109,0.105,0.555,8,0.09
Zavier SimpsonOKC,9.1,0.846,0.25,0.442,0.096,0.058,0.154,0,0
Jericho SimsNYK,2,1,0.815,0.148,0.037,0,0,33,
Deividas SirvydisDET,19.4,0.3,0.2,0.1,0,0,0.7,0,0
Javonte SmartTOT,16.3,0.55,0.183,0.167,0.133,0.067,0.45,0,0.148
Javonte SmartMIL,15.4,0.581,0.209,0.14,0.14,0.093,0.419,0,0.167
Javonte SmartMIA,18.5,0.471,0.118,0.235,0.118,0,0.529,0,0.111
Marcus SmartBOS,16.1,0.499,0.146,0.251,0.075,0.026,0.501,8,0.233
Dennis Smith Jr.POR,9,0.857,0.354,0.307,0.09,0.106,0.143,3,0.222
Ish SmithTOT,13.3,0.844,0.2,0.172,0.205,0.267,0.156,1,0.224
Ish SmithCHO,11.7,0.865,0.254,0.211,0.205,0.195,0.135,0,0.24
Ish SmithWAS,14.4,0.829,0.159,0.143,0.204,0.322,0.171,1,0.214
Jalen SmithTOT,12.4,0.651,0.291,0.246,0.063,0.051,0.349,38,0.27
Jalen SmithPHO,11.4,0.715,0.248,0.328,0.073,0.066,0.285,10,0.179
Jalen SmithIND,13.1,0.61,0.319,0.192,0.056,0.042,0.39,28,0.313
Xavier SneedTOT,20.9,0.2,0.1,0,0.1,0,0.8,0,0.5
Xavier SneedMEM,24.3,0,0,0,0,0,1,0,0.5
Xavier SneedUTA,20.1,0.25,0.125,0,0.125,0,0.75,0,0.5
Tony SnellTOT,20,0.251,0.105,0.094,0.035,0.018,0.749,3,0.477
Tony SnellPOR,20.8,0.227,0.082,0.072,0.052,0.021,0.773,1,0.52
Tony SnellNOP,18.9,0.284,0.135,0.122,0.014,0.014,0.716,2,0.415
Jaden SpringerPHI,9.1,1,0,1,0,0,0,0,
Cassius StanleyDET,12.5,0.63,0.152,0.413,0.043,0.022,0.37,0,0.471
Nik StauskasTOT,20.7,0.286,0.071,0.071,0.071,0.071,0.714,0,0.5
Nik StauskasMIA,17.4,0.5,0.125,0.125,0.125,0.125,0.5,0,0.75
Nik StauskasBOS,25.2,0,0,0,0,0,1,0,0.333
Lance StephensonTOT,14.3,0.721,0.22,0.164,0.08,0.257,0.279,1,0.178
Lance StephensonATL,15.5,0.769,0.231,0,0.154,0.385,0.231,0,0.333
Lance StephensonIND,14.2,0.719,0.219,0.171,0.077,0.252,0.281,1,0.172
Lamar StevensCLE,9.9,0.796,0.382,0.201,0.125,0.088,0.204,33,0.585
Isaiah StewartDET,5.6,0.906,0.584,0.243,0.039,0.041,0.094,28,0.087
Max StrusMIA,21.1,0.216,0.135,0.053,0.016,0.012,0.784,7,0.258
Jalen SuggsORL,13.3,0.642,0.263,0.245,0.069,0.066,0.358,15,0.122
Craig SwordWAS,7,0.75,0.75,0,0,0,0.25,0,1
Keifer SykesIND,17.3,0.526,0.168,0.079,0.116,0.163,0.474,4,0.3
Jae'Sean TateHOU,9.2,0.723,0.414,0.295,0.01,0.004,0.277,43,0.391
Jayson TatumBOS,15.2,0.584,0.22,0.176,0.088,0.1,0.416,76,0.121
Terry TaylorIND,7.2,0.827,0.482,0.282,0.045,0.018,0.173,11,0.658
Garrett TempleNOP,18.1,0.373,0.18,0.071,0.071,0.051,0.627,4,0.459
Emanuel TerryPHO,2.2,1,0.6,0.4,0,0,0,0,
Tyrell TerryMEM,15.2,1,0,0,1,0,0,0,
Jon TeskeMEM,15.5,1,0,0,1,0,0,0,
Daniel TheisTOT,12.4,0.632,0.378,0.134,0.076,0.045,0.368,48,0.252
Daniel TheisHOU,14.2,0.559,0.346,0.089,0.078,0.045,0.441,24,0.203
Daniel TheisBOS,9.7,0.75,0.429,0.205,0.071,0.045,0.25,24,0.393
Brodric ThomasBOS,14.5,0.5,0.389,0.111,0,0,0.5,1,0.111
Cam ThomasBRK,16,0.654,0.107,0.145,0.25,0.151,0.346,0,0.172
Isaiah ThomasTOT,16.8,0.503,0.126,0.18,0.132,0.066,0.497,0,0.241
Isaiah ThomasLAL,18.7,0.436,0.103,0.077,0.205,0.051,0.564,0,0.182
Isaiah ThomasDAL,17.6,0.625,0.125,0,0.25,0.25,0.375,0,0
Isaiah ThomasCHO,16.2,0.517,0.133,0.225,0.1,0.058,0.483,0,0.276
Matt ThomasCHI,22.6,0.321,0.007,0.015,0.082,0.216,0.679,0,0.242
Klay ThompsonGSW,18.9,0.483,0.061,0.129,0.162,0.131,0.517,5,0.166
Tristan ThompsonTOT,4.3,0.989,0.487,0.464,0.034,0.004,0.011,33,0
Tristan ThompsonSAC,3.9,0.993,0.497,0.47,0.026,0,0.007,18,0
Tristan ThompsonIND,4.9,1,0.292,0.667,0.042,0,0,2,
Tristan ThompsonCHI,4.8,0.978,0.522,0.402,0.043,0.011,0.022,13,0
JT ThorCHO,15.8,0.509,0.255,0.127,0.073,0.055,0.491,7,0.111
Matisse ThybullePHI,13.1,0.52,0.407,0.097,0.017,0,0.48,60,0.486
Killian TillieMEM,18.7,0.323,0.126,0.157,0.039,0,0.677,3,0.302
Xavier Tillman Sr.MEM,9.6,0.773,0.389,0.245,0.106,0.032,0.227,16,0.286
Isaiah ToddWAS,18,0.385,0.154,0.115,0.077,0.038,0.615,0,0.563
Obi ToppinNYK,10.5,0.643,0.505,0.108,0.017,0.013,0.357,102,0.491
Juan Toscano-AndersonGSW,11.7,0.63,0.328,0.277,0.013,0.013,0.37,21,0.253
Karl-Anthony TownsMIN,11.5,0.699,0.333,0.255,0.049,0.062,0.301,99,0.087
Gary Trent Jr.TOR,18.5,0.498,0.087,0.131,0.113,0.167,0.502,14,0.196
P.J. TuckerMIA,13.8,0.549,0.199,0.255,0.079,0.016,0.451,3,0.886
Rayjon TuckerTOT,18.2,0.444,0.222,0,0.111,0.111,0.556,1,0.2
Rayjon TuckerDEN,25.8,0,0,0,0,0,1,0,0
Rayjon TuckerMIL,16,0.571,0.286,0,0.143,0.143,0.429,1,0.333
Myles TurnerIND,14.8,0.534,0.242,0.216,0.048,0.028,0.466,22,0.186
Jonas Valan?i?nasNOP,9.1,0.832,0.333,0.324,0.132,0.043,0.168,53,0.019
Denzel ValentineTOT,20.6,0.288,0.061,0.091,0.106,0.03,0.712,1,0.426
Denzel ValentineCLE,20.6,0.29,0.065,0.081,0.113,0.032,0.71,1,0.432
Denzel ValentineUTA,21.6,0.25,0,0.25,0,0,0.75,0,0.333
Jarred VanderbiltMIN,3.1,0.961,0.726,0.211,0.022,0.003,0.039,117,0.643
Fred VanVleetTOR,19.9,0.415,0.086,0.122,0.091,0.116,0.585,0,0.126
Devin VassellSAS,17.3,0.503,0.131,0.126,0.151,0.096,0.497,28,0.326
Gabe VincentMIA,19.5,0.37,0.138,0.078,0.082,0.072,0.63,1,0.251
Nikola Vu?evi?CHI,13,0.713,0.223,0.253,0.137,0.101,0.287,34,0.06
Dean WadeCLE,18.3,0.346,0.198,0.055,0.069,0.023,0.654,14,0.268
Franz WagnerORL,10.4,0.722,0.295,0.367,0.043,0.016,0.278,59,0.225
Moritz WagnerORL,14.4,0.492,0.316,0.169,0,0.008,0.508,50,0.119
Ish WainrightPHO,15.8,0.433,0.231,0.163,0.019,0.019,0.567,3,0.475
Kemba WalkerNYK,18,0.462,0.138,0.13,0.084,0.111,0.538,0,0.03
Lonnie Walker IVSAS,17,0.538,0.166,0.122,0.093,0.157,0.462,21,0.195
M.J. WalkerPHO,15.4,0.5,0.25,0.25,0,0,0.5,0,0.5
Tyrone WallaceNOP,13,0.6,0.35,0.15,0.05,0.05,0.4,0,0.375
Derrick WaltonDET,18.1,0.5,0.077,0.192,0.038,0.192,0.5,0,0
Brad WanamakerTOT,13.4,0.779,0.208,0.208,0.169,0.195,0.221,0,0.118
Brad WanamakerIND,13.3,0.764,0.222,0.222,0.139,0.181,0.236,0,0.118
Brad WanamakerWAS,14.7,1,0,0,0.6,0.4,0,0,
Duane Washington Jr.IND,16.3,0.496,0.201,0.155,0.08,0.061,0.504,6,0.34
P.J. WashingtonCHO,15.8,0.434,0.286,0.132,0.015,0.002,0.566,51,0.252
Yuta WatanabeTOR,17.2,0.428,0.167,0.13,0.101,0.029,0.572,2,0.43
Lindy Waters IIIOKC,22.4,0.166,0.04,0.097,0.023,0.006,0.834,4,0.247
Tremont WatersTOT,22.7,0.357,0,0.143,0.143,0.071,0.643,0,0.222
Tremont WatersTOR,25.2,0.25,0,0.083,0.083,0.083,0.75,0,0.222
Tremont WatersWAS,7.6,1,0,0.5,0.5,0,0,0,
Trendon WatfordPOR,8,0.858,0.371,0.337,0.135,0.015,0.142,7,0.237
Paul WatsonOKC,19.7,0.257,0.114,0.114,0.029,0,0.743,0,0.423
Quinndary WeatherspoonGSW,8.5,0.762,0.476,0.238,0.048,0,0.238,1,0.2
Russell WestbrookLAL,10.8,0.785,0.333,0.232,0.106,0.114,0.215,17,0.181
Coby WhiteCHI,17.4,0.452,0.183,0.13,0.065,0.073,0.548,5,0.198
Derrick WhiteTOT,15.4,0.539,0.159,0.231,0.12,0.029,0.461,7,0.195
Derrick WhiteSAS,15.2,0.547,0.168,0.228,0.126,0.025,0.453,5,0.182
Derrick WhiteBOS,16,0.517,0.135,0.239,0.104,0.039,0.483,2,0.225
Hassan WhitesideUTA,3.8,1,0.552,0.376,0.058,0.015,0,86,
Joe WieskampSAS,21.5,0.232,0.071,0.054,0.036,0.071,0.768,0,0.209
Aaron WigginsOKC,12.7,0.591,0.249,0.318,0.018,0.006,0.409,15,0.362
Andrew WigginsGSW,14.9,0.608,0.161,0.242,0.094,0.111,0.392,45,0.261
Lindell WiggintonMIL,12.7,0.574,0.377,0.18,0.016,0,0.426,0,0.308
Brandon WilliamsPOR,14.1,0.624,0.259,0.184,0.099,0.082,0.376,1,0.208
Grant WilliamsBOS,16.6,0.403,0.185,0.169,0.035,0.014,0.597,11,0.481
Kenrich WilliamsOKC,13.7,0.618,0.243,0.224,0.079,0.073,0.382,24,0.331
Lou WilliamsATL,15.3,0.681,0.116,0.159,0.244,0.163,0.319,1,0.373
Patrick WilliamsCHI,13.2,0.716,0.275,0.147,0.108,0.186,0.284,7,0.414
Robert WilliamsBOS,2.4,0.997,0.772,0.198,0.014,0.014,0.003,157,0
Ziaire WilliamsMEM,17.2,0.429,0.179,0.108,0.083,0.059,0.571,44,0.471
D.J. WilsonTOR,9.6,0.867,0.4,0.133,0.2,0.133,0.133,4,0.5
Dylan WindlerCLE,18.7,0.286,0.194,0.082,0.01,0,0.714,3,0.429
Justise WinslowTOT,10.7,0.743,0.354,0.257,0.07,0.062,0.257,5,0.409
Justise WinslowLAC,9.5,0.794,0.362,0.319,0.078,0.035,0.206,3,0.517
Justise WinslowPOR,12,0.681,0.345,0.181,0.06,0.095,0.319,2,0.324
Cassius WinstonWAS,19.1,0.455,0.091,0.091,0.182,0.091,0.545,0,0.167
Christian WoodHOU,13,0.617,0.312,0.211,0.054,0.041,0.383,120,0.116
Robert Woodard IISAC,12.7,0.75,0.188,0.25,0.125,0.188,0.25,1,0.25
Delon WrightATL,14.1,0.569,0.294,0.19,0.045,0.041,0.431,7,0.25
McKinley Wright IVMIN,19.3,0.333,0,0.333,0,0,0.667,0,0
Moses WrightTOT,13.2,0.75,0.25,0,0.5,0,0.25,0,1
Moses WrightLAC,,,,,,,,0,
Moses WrightDAL,13.2,0.75,0.25,0,0.5,0,0.25,0,1
Gabe YorkIND,22.4,0.143,0,0.143,0,0,0.857,0,0.167
Thaddeus YoungTOT,7.7,0.824,0.382,0.393,0.026,0.022,0.176,7,0.604
Thaddeus YoungSAS,5.1,0.961,0.391,0.516,0.031,0.023,0.039,3,0.2
Thaddeus YoungTOR,10.1,0.701,0.375,0.285,0.021,0.021,0.299,4,0.651
Trae YoungATL,16.5,0.605,0.159,0.204,0.116,0.126,0.395,0,0.048
Omer YurtsevenMIA,5.8,0.955,0.437,0.385,0.113,0.02,0.045,39,0.182
Cody ZellerPOR,3.7,0.956,0.644,0.267,0.033,0.011,0.044,16,0.25
Ivica ZubacLAC,3.4,1,0.58,0.382,0.032,0.006,0,110,
